{"resolution":0.0111111111111111,"origin":[-122.388888888889,37.5777777777778],"rows":4,"frequency":{"16":25,"6":6,"7":84,"3":3,"4":23},"columns":4}