{"resolution":0.0166666666666667,"origin":[-122.383333333333,37.5833333333333],"rows":2,"frequency":{"1":87,"2":29,"4":25},"columns":2}