{"resolution":0.00555555555555555,"origin":[-122.388888888889,37.5777777777778],"rows":7,"frequency":{"56":25,"7":17,"13":1,"8":4,"14":4,"15":4,"21":86},"columns":8}