{"resolution":0.0333333333333333,"origin":[-122.4,37.5666666666667],"rows":2,"frequency":{"1":3,"2":23,"3":90,"4":25},"columns":2}